netID,score
faker,0.12537777777777795
faker,0.12537777777777795
faker,0.12740000000000015
faker,0.1375111111111115
faker,0.12335555555555569
gambler,0.13964444444444482
gambler,0.1440888888888892
gambler,0.1472222222222226
gambler,0.15118333333333372
gambler,0.1395222222222225
