netID,score
faker,1.6402724358974348
faker,1.671560897435897
faker,1.6652115384615376
gambler,1.6475705128205114
faker,1.6291955128205158
gambler,1.6119999999999997
gambler,1.6273878205128227
gambler,1.6473878205128212
colluder,1.2612499999999995
nash,1.281410256410255
nash,1.2897435897435903
colluder,1.2819391025641003
colluder,1.3064134615384586
