netID,score
colluder,5.780321428571427
colluder,5.542169642857143
colluder,5.628214285714285
colluder,5.599142857142857
colluder,5.7191071428571405
colluder,5.654017857142851
colluder,5.588776785714284
spnash,2.1193571428571434
