netID,score
gambler,0.8297380952380914
gambler,0.8786071428571401
gambler,0.8532619047619027
gambler,0.8763809523809505
gambler,0.864559523809523
gambler,0.9012857142857105
spnash,0.9699642857142857
