netID,score
gambler,0.4874777777777835
gambler,0.5056722222222279
gambler,0.5131777777777836
gambler,0.5059833333333392
gambler,0.504700000000006
gambler,0.4973944444444502
gambler,0.48287777777778346
gambler,0.5117500000000057
gambler,0.48956111111111655
spnash,0.7100500000000001
