netID,score
gambler,0.45251666666666535
gambler,0.43621666666666586
gambler,0.46358333333333274
gambler,0.4735999999999994
gambler,0.47298333333333287
gambler,0.46969999999999884
