netID,score
faker,0.190125
faker,0.19825
faker,0.199875
gambler,0.2143749999999997
gambler,0.25006249999999974
gambler,0.21743749999999976
gambler,0.2285089285714283
gambler,0.2307678571428567
